label_path,image_path,dataset_name
data/g1020/labels/cropped_image_2313.png,data/g1020/images/cropped_image_2313.png,g1020
data/g1020/labels/cropped_image_264.png,data/g1020/images/cropped_image_264.png,g1020
data/g1020/labels/cropped_image_305.png,data/g1020/images/cropped_image_305.png,g1020
data/g1020/labels/cropped_image_537.png,data/g1020/images/cropped_image_537.png,g1020
data/g1020/labels/cropped_image_2247.png,data/g1020/images/cropped_image_2247.png,g1020
data/g1020/labels/cropped_image_2116.png,data/g1020/images/cropped_image_2116.png,g1020
data/g1020/labels/cropped_image_602.png,data/g1020/images/cropped_image_602.png,g1020
data/g1020/labels/cropped_image_1899.png,data/g1020/images/cropped_image_1899.png,g1020
data/g1020/labels/cropped_image_3039.png,data/g1020/images/cropped_image_3039.png,g1020
data/g1020/labels/cropped_image_727.png,data/g1020/images/cropped_image_727.png,g1020
data/g1020/labels/cropped_image_2709.png,data/g1020/images/cropped_image_2709.png,g1020
data/g1020/labels/cropped_image_768.png,data/g1020/images/cropped_image_768.png,g1020
data/g1020/labels/cropped_image_2739.png,data/g1020/images/cropped_image_2739.png,g1020
data/g1020/labels/cropped_image_2662.png,data/g1020/images/cropped_image_2662.png,g1020
data/g1020/labels/cropped_image_4.png,data/g1020/images/cropped_image_4.png,g1020
data/g1020/labels/cropped_image_1453.png,data/g1020/images/cropped_image_1453.png,g1020
data/g1020/labels/cropped_image_658.png,data/g1020/images/cropped_image_658.png,g1020
data/g1020/labels/cropped_image_2483.png,data/g1020/images/cropped_image_2483.png,g1020
data/g1020/labels/cropped_image_3025.png,data/g1020/images/cropped_image_3025.png,g1020
data/g1020/labels/cropped_image_2651.png,data/g1020/images/cropped_image_2651.png,g1020
data/g1020/labels/cropped_image_1916.png,data/g1020/images/cropped_image_1916.png,g1020
data/g1020/labels/cropped_image_910.png,data/g1020/images/cropped_image_910.png,g1020
data/g1020/labels/cropped_image_2002.png,data/g1020/images/cropped_image_2002.png,g1020
data/g1020/labels/cropped_image_1797.png,data/g1020/images/cropped_image_1797.png,g1020
data/g1020/labels/cropped_image_3085.png,data/g1020/images/cropped_image_3085.png,g1020
data/g1020/labels/cropped_image_2656.png,data/g1020/images/cropped_image_2656.png,g1020
data/g1020/labels/cropped_image_2219.png,data/g1020/images/cropped_image_2219.png,g1020
data/g1020/labels/cropped_image_699.png,data/g1020/images/cropped_image_699.png,g1020
data/g1020/labels/cropped_image_3076.png,data/g1020/images/cropped_image_3076.png,g1020
data/g1020/labels/cropped_image_3120.png,data/g1020/images/cropped_image_3120.png,g1020
data/g1020/labels/cropped_image_880.png,data/g1020/images/cropped_image_880.png,g1020
data/g1020/labels/cropped_image_1003.png,data/g1020/images/cropped_image_1003.png,g1020
data/g1020/labels/cropped_image_708.png,data/g1020/images/cropped_image_708.png,g1020
data/g1020/labels/cropped_image_936.png,data/g1020/images/cropped_image_936.png,g1020
data/g1020/labels/cropped_image_2558.png,data/g1020/images/cropped_image_2558.png,g1020
data/g1020/labels/cropped_image_1713.png,data/g1020/images/cropped_image_1713.png,g1020
data/g1020/labels/cropped_image_2857.png,data/g1020/images/cropped_image_2857.png,g1020
data/g1020/labels/cropped_image_2786.png,data/g1020/images/cropped_image_2786.png,g1020
data/g1020/labels/cropped_image_2278.png,data/g1020/images/cropped_image_2278.png,g1020
data/g1020/labels/cropped_image_2699.png,data/g1020/images/cropped_image_2699.png,g1020
data/g1020/labels/cropped_image_518.png,data/g1020/images/cropped_image_518.png,g1020
data/g1020/labels/cropped_image_2155.png,data/g1020/images/cropped_image_2155.png,g1020
data/g1020/labels/cropped_image_373.png,data/g1020/images/cropped_image_373.png,g1020
data/g1020/labels/cropped_image_19.png,data/g1020/images/cropped_image_19.png,g1020
data/g1020/labels/cropped_image_657.png,data/g1020/images/cropped_image_657.png,g1020
data/g1020/labels/cropped_image_1362.png,data/g1020/images/cropped_image_1362.png,g1020
data/g1020/labels/cropped_image_1745.png,data/g1020/images/cropped_image_1745.png,g1020
data/g1020/labels/cropped_image_1001.png,data/g1020/images/cropped_image_1001.png,g1020
data/g1020/labels/cropped_image_154.png,data/g1020/images/cropped_image_154.png,g1020
data/g1020/labels/cropped_image_2572.png,data/g1020/images/cropped_image_2572.png,g1020
data/g1020/labels/cropped_image_1653.png,data/g1020/images/cropped_image_1653.png,g1020
data/g1020/labels/cropped_image_1076.png,data/g1020/images/cropped_image_1076.png,g1020
data/g1020/labels/cropped_image_120.png,data/g1020/images/cropped_image_120.png,g1020
data/g1020/labels/cropped_image_1214.png,data/g1020/images/cropped_image_1214.png,g1020
data/g1020/labels/cropped_image_2891.png,data/g1020/images/cropped_image_2891.png,g1020
data/g1020/labels/cropped_image_952.png,data/g1020/images/cropped_image_952.png,g1020
data/g1020/labels/cropped_image_1957.png,data/g1020/images/cropped_image_1957.png,g1020
data/g1020/labels/cropped_image_945.png,data/g1020/images/cropped_image_945.png,g1020
data/g1020/labels/cropped_image_2231.png,data/g1020/images/cropped_image_2231.png,g1020
data/g1020/labels/cropped_image_2322.png,data/g1020/images/cropped_image_2322.png,g1020
data/g1020/labels/cropped_image_2146.png,data/g1020/images/cropped_image_2146.png,g1020
data/g1020/labels/cropped_image_820.png,data/g1020/images/cropped_image_820.png,g1020
data/g1020/labels/cropped_image_1861.png,data/g1020/images/cropped_image_1861.png,g1020
data/g1020/labels/cropped_image_360.png,data/g1020/images/cropped_image_360.png,g1020
data/g1020/labels/cropped_image_1.png,data/g1020/images/cropped_image_1.png,g1020
data/g1020/labels/cropped_image_698.png,data/g1020/images/cropped_image_698.png,g1020
data/g1020/labels/cropped_image_596.png,data/g1020/images/cropped_image_596.png,g1020
data/g1020/labels/cropped_image_940.png,data/g1020/images/cropped_image_940.png,g1020
data/g1020/labels/cropped_image_915.png,data/g1020/images/cropped_image_915.png,g1020
data/g1020/labels/cropped_image_2971.png,data/g1020/images/cropped_image_2971.png,g1020
data/g1020/labels/cropped_image_2507.png,data/g1020/images/cropped_image_2507.png,g1020
data/g1020/labels/cropped_image_458.png,data/g1020/images/cropped_image_458.png,g1020
data/g1020/labels/cropped_image_2840.png,data/g1020/images/cropped_image_2840.png,g1020
data/g1020/labels/cropped_image_2147.png,data/g1020/images/cropped_image_2147.png,g1020
data/g1020/labels/cropped_image_2430.png,data/g1020/images/cropped_image_2430.png,g1020
data/g1020/labels/cropped_image_2606.png,data/g1020/images/cropped_image_2606.png,g1020
data/g1020/labels/cropped_image_1652.png,data/g1020/images/cropped_image_1652.png,g1020
data/g1020/labels/cropped_image_200.png,data/g1020/images/cropped_image_200.png,g1020
data/g1020/labels/cropped_image_214.png,data/g1020/images/cropped_image_214.png,g1020
data/g1020/labels/cropped_image_2142.png,data/g1020/images/cropped_image_2142.png,g1020
data/g1020/labels/cropped_image_1226.png,data/g1020/images/cropped_image_1226.png,g1020
data/g1020/labels/cropped_image_9.png,data/g1020/images/cropped_image_9.png,g1020
data/g1020/labels/cropped_image_600.png,data/g1020/images/cropped_image_600.png,g1020
data/g1020/labels/cropped_image_2999.png,data/g1020/images/cropped_image_2999.png,g1020
data/g1020/labels/cropped_image_56.png,data/g1020/images/cropped_image_56.png,g1020
data/g1020/labels/cropped_image_2826.png,data/g1020/images/cropped_image_2826.png,g1020
data/g1020/labels/cropped_image_1940.png,data/g1020/images/cropped_image_1940.png,g1020
data/g1020/labels/cropped_image_1112.png,data/g1020/images/cropped_image_1112.png,g1020
data/g1020/labels/cropped_image_1760.png,data/g1020/images/cropped_image_1760.png,g1020
data/g1020/labels/cropped_image_2412.png,data/g1020/images/cropped_image_2412.png,g1020
data/g1020/labels/cropped_image_1242.png,data/g1020/images/cropped_image_1242.png,g1020
data/g1020/labels/cropped_image_2421.png,data/g1020/images/cropped_image_2421.png,g1020
data/g1020/labels/cropped_image_115.png,data/g1020/images/cropped_image_115.png,g1020
data/g1020/labels/cropped_image_819.png,data/g1020/images/cropped_image_819.png,g1020
data/g1020/labels/cropped_image_2579.png,data/g1020/images/cropped_image_2579.png,g1020
data/g1020/labels/cropped_image_249.png,data/g1020/images/cropped_image_249.png,g1020
data/g1020/labels/cropped_image_316.png,data/g1020/images/cropped_image_316.png,g1020
data/g1020/labels/cropped_image_2249.png,data/g1020/images/cropped_image_2249.png,g1020
data/g1020/labels/cropped_image_250.png,data/g1020/images/cropped_image_250.png,g1020
data/g1020/labels/cropped_image_2607.png,data/g1020/images/cropped_image_2607.png,g1020
data/g1020/labels/cropped_image_840.png,data/g1020/images/cropped_image_840.png,g1020
data/g1020/labels/cropped_image_1164.png,data/g1020/images/cropped_image_1164.png,g1020
data/g1020/labels/cropped_image_1243.png,data/g1020/images/cropped_image_1243.png,g1020
data/g1020/labels/cropped_image_2676.png,data/g1020/images/cropped_image_2676.png,g1020
data/g1020/labels/cropped_image_1927.png,data/g1020/images/cropped_image_1927.png,g1020
data/g1020/labels/cropped_image_1361.png,data/g1020/images/cropped_image_1361.png,g1020
data/g1020/labels/cropped_image_647.png,data/g1020/images/cropped_image_647.png,g1020
data/g1020/labels/cropped_image_3041.png,data/g1020/images/cropped_image_3041.png,g1020
data/g1020/labels/cropped_image_1938.png,data/g1020/images/cropped_image_1938.png,g1020
data/g1020/labels/cropped_image_1246.png,data/g1020/images/cropped_image_1246.png,g1020
data/g1020/labels/cropped_image_1325.png,data/g1020/images/cropped_image_1325.png,g1020
data/g1020/labels/cropped_image_2154.png,data/g1020/images/cropped_image_2154.png,g1020
data/g1020/labels/cropped_image_2655.png,data/g1020/images/cropped_image_2655.png,g1020
data/g1020/labels/cropped_image_2554.png,data/g1020/images/cropped_image_2554.png,g1020
data/g1020/labels/cropped_image_2942.png,data/g1020/images/cropped_image_2942.png,g1020
data/g1020/labels/cropped_image_2001.png,data/g1020/images/cropped_image_2001.png,g1020
data/g1020/labels/cropped_image_2712.png,data/g1020/images/cropped_image_2712.png,g1020
data/g1020/labels/cropped_image_2738.png,data/g1020/images/cropped_image_2738.png,g1020
data/g1020/labels/cropped_image_1426.png,data/g1020/images/cropped_image_1426.png,g1020
data/g1020/labels/cropped_image_1414.png,data/g1020/images/cropped_image_1414.png,g1020
data/g1020/labels/cropped_image_860.png,data/g1020/images/cropped_image_860.png,g1020
data/g1020/labels/cropped_image_485.png,data/g1020/images/cropped_image_485.png,g1020
data/g1020/labels/cropped_image_1865.png,data/g1020/images/cropped_image_1865.png,g1020
data/g1020/labels/cropped_image_2973.png,data/g1020/images/cropped_image_2973.png,g1020
data/g1020/labels/cropped_image_772.png,data/g1020/images/cropped_image_772.png,g1020
data/g1020/labels/cropped_image_1422.png,data/g1020/images/cropped_image_1422.png,g1020
data/g1020/labels/cropped_image_2291.png,data/g1020/images/cropped_image_2291.png,g1020
data/g1020/labels/cropped_image_1480.png,data/g1020/images/cropped_image_1480.png,g1020
data/g1020/labels/cropped_image_2737.png,data/g1020/images/cropped_image_2737.png,g1020
data/g1020/labels/cropped_image_2563.png,data/g1020/images/cropped_image_2563.png,g1020
data/g1020/labels/cropped_image_2300.png,data/g1020/images/cropped_image_2300.png,g1020
data/g1020/labels/cropped_image_1319.png,data/g1020/images/cropped_image_1319.png,g1020
data/g1020/labels/cropped_image_2321.png,data/g1020/images/cropped_image_2321.png,g1020
data/g1020/labels/cropped_image_3084.png,data/g1020/images/cropped_image_3084.png,g1020
data/g1020/labels/cropped_image_446.png,data/g1020/images/cropped_image_446.png,g1020
data/g1020/labels/cropped_image_2707.png,data/g1020/images/cropped_image_2707.png,g1020
data/g1020/labels/cropped_image_2050.png,data/g1020/images/cropped_image_2050.png,g1020
data/g1020/labels/cropped_image_3065.png,data/g1020/images/cropped_image_3065.png,g1020
data/g1020/labels/cropped_image_2888.png,data/g1020/images/cropped_image_2888.png,g1020
data/g1020/labels/cropped_image_2568.png,data/g1020/images/cropped_image_2568.png,g1020
data/g1020/labels/cropped_image_2084.png,data/g1020/images/cropped_image_2084.png,g1020
data/g1020/labels/cropped_image_2917.png,data/g1020/images/cropped_image_2917.png,g1020
data/g1020/labels/cropped_image_1137.png,data/g1020/images/cropped_image_1137.png,g1020
data/g1020/labels/cropped_image_1368.png,data/g1020/images/cropped_image_1368.png,g1020
data/g1020/labels/cropped_image_421.png,data/g1020/images/cropped_image_421.png,g1020
data/g1020/labels/cropped_image_468.png,data/g1020/images/cropped_image_468.png,g1020
data/g1020/labels/cropped_image_1696.png,data/g1020/images/cropped_image_1696.png,g1020
data/g1020/labels/cropped_image_2277.png,data/g1020/images/cropped_image_2277.png,g1020
data/g1020/labels/cropped_image_2308.png,data/g1020/images/cropped_image_2308.png,g1020
data/g1020/labels/cropped_image_2809.png,data/g1020/images/cropped_image_2809.png,g1020
data/g1020/labels/cropped_image_3122.png,data/g1020/images/cropped_image_3122.png,g1020
data/g1020/labels/cropped_image_2244.png,data/g1020/images/cropped_image_2244.png,g1020
data/g1020/labels/cropped_image_646.png,data/g1020/images/cropped_image_646.png,g1020
data/g1020/labels/cropped_image_335.png,data/g1020/images/cropped_image_335.png,g1020
data/g1020/labels/cropped_image_2900.png,data/g1020/images/cropped_image_2900.png,g1020
data/g1020/labels/cropped_image_1215.png,data/g1020/images/cropped_image_1215.png,g1020
data/g1020/labels/cropped_image_2785.png,data/g1020/images/cropped_image_2785.png,g1020
data/g1020/labels/cropped_image_2124.png,data/g1020/images/cropped_image_2124.png,g1020
data/g1020/labels/cropped_image_2230.png,data/g1020/images/cropped_image_2230.png,g1020
data/g1020/labels/cropped_image_1413.png,data/g1020/images/cropped_image_1413.png,g1020
data/g1020/labels/cropped_image_2766.png,data/g1020/images/cropped_image_2766.png,g1020
data/g1020/labels/cropped_image_170.png,data/g1020/images/cropped_image_170.png,g1020
data/g1020/labels/cropped_image_2828.png,data/g1020/images/cropped_image_2828.png,g1020
data/g1020/labels/cropped_image_2947.png,data/g1020/images/cropped_image_2947.png,g1020
data/g1020/labels/cropped_image_1234.png,data/g1020/images/cropped_image_1234.png,g1020
data/g1020/labels/cropped_image_2589.png,data/g1020/images/cropped_image_2589.png,g1020
data/g1020/labels/cropped_image_3017.png,data/g1020/images/cropped_image_3017.png,g1020
data/g1020/labels/cropped_image_904.png,data/g1020/images/cropped_image_904.png,g1020
data/g1020/labels/cropped_image_2824.png,data/g1020/images/cropped_image_2824.png,g1020
data/g1020/labels/cropped_image_1895.png,data/g1020/images/cropped_image_1895.png,g1020
data/g1020/labels/cropped_image_1894.png,data/g1020/images/cropped_image_1894.png,g1020
data/g1020/labels/cropped_image_1352.png,data/g1020/images/cropped_image_1352.png,g1020
data/g1020/labels/cropped_image_1645.png,data/g1020/images/cropped_image_1645.png,g1020
data/g1020/labels/cropped_image_896.png,data/g1020/images/cropped_image_896.png,g1020
data/g1020/labels/cropped_image_2209.png,data/g1020/images/cropped_image_2209.png,g1020
data/g1020/labels/cropped_image_2622.png,data/g1020/images/cropped_image_2622.png,g1020
data/g1020/labels/cropped_image_1935.png,data/g1020/images/cropped_image_1935.png,g1020
data/g1020/labels/cropped_image_247.png,data/g1020/images/cropped_image_247.png,g1020
data/g1020/labels/cropped_image_583.png,data/g1020/images/cropped_image_583.png,g1020
data/g1020/labels/cropped_image_2028.png,data/g1020/images/cropped_image_2028.png,g1020
data/g1020/labels/cropped_image_1462.png,data/g1020/images/cropped_image_1462.png,g1020
data/g1020/labels/cropped_image_791.png,data/g1020/images/cropped_image_791.png,g1020
data/g1020/labels/cropped_image_3.png,data/g1020/images/cropped_image_3.png,g1020
data/g1020/labels/cropped_image_1694.png,data/g1020/images/cropped_image_1694.png,g1020
data/g1020/labels/cropped_image_1136.png,data/g1020/images/cropped_image_1136.png,g1020
data/g1020/labels/cropped_image_1092.png,data/g1020/images/cropped_image_1092.png,g1020
data/g1020/labels/cropped_image_1767.png,data/g1020/images/cropped_image_1767.png,g1020
data/g1020/labels/cropped_image_385.png,data/g1020/images/cropped_image_385.png,g1020
data/g1020/labels/cropped_image_215.png,data/g1020/images/cropped_image_215.png,g1020
data/g1020/labels/cropped_image_631.png,data/g1020/images/cropped_image_631.png,g1020
data/g1020/labels/cropped_image_2426.png,data/g1020/images/cropped_image_2426.png,g1020
data/g1020/labels/cropped_image_581.png,data/g1020/images/cropped_image_581.png,g1020
data/g1020/labels/cropped_image_2916.png,data/g1020/images/cropped_image_2916.png,g1020
data/g1020/labels/cropped_image_2376.png,data/g1020/images/cropped_image_2376.png,g1020
data/g1020/labels/cropped_image_2534.png,data/g1020/images/cropped_image_2534.png,g1020
data/g1020/labels/cropped_image_245.png,data/g1020/images/cropped_image_245.png,g1020
data/g1020/labels/cropped_image_2304.png,data/g1020/images/cropped_image_2304.png,g1020
data/g1020/labels/cropped_image_2139.png,data/g1020/images/cropped_image_2139.png,g1020
data/g1020/labels/cropped_image_2710.png,data/g1020/images/cropped_image_2710.png,g1020
data/g1020/labels/cropped_image_1344.png,data/g1020/images/cropped_image_1344.png,g1020
data/g1020/labels/cropped_image_2897.png,data/g1020/images/cropped_image_2897.png,g1020
data/g1020/labels/cropped_image_2303.png,data/g1020/images/cropped_image_2303.png,g1020
data/g1020/labels/cropped_image_3167.png,data/g1020/images/cropped_image_3167.png,g1020
data/g1020/labels/cropped_image_2367.png,data/g1020/images/cropped_image_2367.png,g1020
data/g1020/labels/cropped_image_2290.png,data/g1020/images/cropped_image_2290.png,g1020
data/g1020/labels/cropped_image_1579.png,data/g1020/images/cropped_image_1579.png,g1020
data/g1020/labels/cropped_image_2218.png,data/g1020/images/cropped_image_2218.png,g1020
data/g1020/labels/cropped_image_1691.png,data/g1020/images/cropped_image_1691.png,g1020
data/g1020/labels/cropped_image_2885.png,data/g1020/images/cropped_image_2885.png,g1020
data/g1020/labels/cropped_image_2807.png,data/g1020/images/cropped_image_2807.png,g1020
data/g1020/labels/cropped_image_2359.png,data/g1020/images/cropped_image_2359.png,g1020
data/g1020/labels/cropped_image_2984.png,data/g1020/images/cropped_image_2984.png,g1020
data/g1020/labels/cropped_image_2140.png,data/g1020/images/cropped_image_2140.png,g1020
data/g1020/labels/cropped_image_1941.png,data/g1020/images/cropped_image_1941.png,g1020
data/g1020/labels/cropped_image_2151.png,data/g1020/images/cropped_image_2151.png,g1020
data/g1020/labels/cropped_image_1610.png,data/g1020/images/cropped_image_1610.png,g1020
data/g1020/labels/cropped_image_2730.png,data/g1020/images/cropped_image_2730.png,g1020
data/g1020/labels/cropped_image_654.png,data/g1020/images/cropped_image_654.png,g1020
data/g1020/labels/cropped_image_201.png,data/g1020/images/cropped_image_201.png,g1020
data/g1020/labels/cropped_image_775.png,data/g1020/images/cropped_image_775.png,g1020
data/g1020/labels/cropped_image_757.png,data/g1020/images/cropped_image_757.png,g1020
data/g1020/labels/cropped_image_219.png,data/g1020/images/cropped_image_219.png,g1020
data/g1020/labels/cropped_image_3090.png,data/g1020/images/cropped_image_3090.png,g1020
data/g1020/labels/cropped_image_2403.png,data/g1020/images/cropped_image_2403.png,g1020
data/g1020/labels/cropped_image_1113.png,data/g1020/images/cropped_image_1113.png,g1020
data/g1020/labels/cropped_image_1693.png,data/g1020/images/cropped_image_1693.png,g1020
data/g1020/labels/cropped_image_1332.png,data/g1020/images/cropped_image_1332.png,g1020
data/g1020/labels/cropped_image_1598.png,data/g1020/images/cropped_image_1598.png,g1020
data/g1020/labels/cropped_image_1247.png,data/g1020/images/cropped_image_1247.png,g1020
data/g1020/labels/cropped_image_2892.png,data/g1020/images/cropped_image_2892.png,g1020
data/g1020/labels/cropped_image_2991.png,data/g1020/images/cropped_image_2991.png,g1020
data/g1020/labels/cropped_image_2212.png,data/g1020/images/cropped_image_2212.png,g1020
data/g1020/labels/cropped_image_1392.png,data/g1020/images/cropped_image_1392.png,g1020
data/g1020/labels/cropped_image_65.png,data/g1020/images/cropped_image_65.png,g1020
data/g1020/labels/cropped_image_2307.png,data/g1020/images/cropped_image_2307.png,g1020
data/g1020/labels/cropped_image_487.png,data/g1020/images/cropped_image_487.png,g1020
data/g1020/labels/cropped_image_2658.png,data/g1020/images/cropped_image_2658.png,g1020
data/g1020/labels/cropped_image_1495.png,data/g1020/images/cropped_image_1495.png,g1020
data/g1020/labels/cropped_image_2504.png,data/g1020/images/cropped_image_2504.png,g1020
data/g1020/labels/cropped_image_1845.png,data/g1020/images/cropped_image_1845.png,g1020
data/g1020/labels/cropped_image_1903.png,data/g1020/images/cropped_image_1903.png,g1020
data/g1020/labels/cropped_image_1712.png,data/g1020/images/cropped_image_1712.png,g1020
data/g1020/labels/cropped_image_764.png,data/g1020/images/cropped_image_764.png,g1020
data/g1020/labels/cropped_image_1261.png,data/g1020/images/cropped_image_1261.png,g1020
data/g1020/labels/cropped_image_1958.png,data/g1020/images/cropped_image_1958.png,g1020
data/g1020/labels/cropped_image_3081.png,data/g1020/images/cropped_image_3081.png,g1020
data/g1020/labels/cropped_image_1607.png,data/g1020/images/cropped_image_1607.png,g1020
data/g1020/labels/cropped_image_3045.png,data/g1020/images/cropped_image_3045.png,g1020
data/g1020/labels/cropped_image_2708.png,data/g1020/images/cropped_image_2708.png,g1020
data/g1020/labels/cropped_image_453.png,data/g1020/images/cropped_image_453.png,g1020
data/g1020/labels/cropped_image_1893.png,data/g1020/images/cropped_image_1893.png,g1020
data/g1020/labels/cropped_image_2574.png,data/g1020/images/cropped_image_2574.png,g1020
data/g1020/labels/cropped_image_1913.png,data/g1020/images/cropped_image_1913.png,g1020
data/g1020/labels/cropped_image_1348.png,data/g1020/images/cropped_image_1348.png,g1020
data/g1020/labels/cropped_image_2156.png,data/g1020/images/cropped_image_2156.png,g1020
data/g1020/labels/cropped_image_1874.png,data/g1020/images/cropped_image_1874.png,g1020
data/g1020/labels/cropped_image_454.png,data/g1020/images/cropped_image_454.png,g1020
data/g1020/labels/cropped_image_1844.png,data/g1020/images/cropped_image_1844.png,g1020
data/g1020/labels/cropped_image_1961.png,data/g1020/images/cropped_image_1961.png,g1020
data/g1020/labels/cropped_image_248.png,data/g1020/images/cropped_image_248.png,g1020
data/g1020/labels/cropped_image_1077.png,data/g1020/images/cropped_image_1077.png,g1020
data/g1020/labels/cropped_image_482.png,data/g1020/images/cropped_image_482.png,g1020
data/g1020/labels/cropped_image_1866.png,data/g1020/images/cropped_image_1866.png,g1020
data/g1020/labels/cropped_image_745.png,data/g1020/images/cropped_image_745.png,g1020
data/g1020/labels/cropped_image_2886.png,data/g1020/images/cropped_image_2886.png,g1020
data/g1020/labels/cropped_image_700.png,data/g1020/images/cropped_image_700.png,g1020
data/g1020/labels/cropped_image_2032.png,data/g1020/images/cropped_image_2032.png,g1020
data/g1020/labels/cropped_image_773.png,data/g1020/images/cropped_image_773.png,g1020
data/g1020/labels/cropped_image_1520.png,data/g1020/images/cropped_image_1520.png,g1020
data/g1020/labels/cropped_image_1897.png,data/g1020/images/cropped_image_1897.png,g1020
data/g1020/labels/cropped_image_2354.png,data/g1020/images/cropped_image_2354.png,g1020
data/g1020/labels/cropped_image_3131.png,data/g1020/images/cropped_image_3131.png,g1020
data/g1020/labels/cropped_image_953.png,data/g1020/images/cropped_image_953.png,g1020
data/g1020/labels/cropped_image_1981.png,data/g1020/images/cropped_image_1981.png,g1020
data/g1020/labels/cropped_image_2078.png,data/g1020/images/cropped_image_2078.png,g1020
data/g1020/labels/cropped_image_363.png,data/g1020/images/cropped_image_363.png,g1020
data/g1020/labels/cropped_image_151.png,data/g1020/images/cropped_image_151.png,g1020
data/g1020/labels/cropped_image_3163.png,data/g1020/images/cropped_image_3163.png,g1020
data/g1020/labels/cropped_image_1914.png,data/g1020/images/cropped_image_1914.png,g1020
data/g1020/labels/cropped_image_2316.png,data/g1020/images/cropped_image_2316.png,g1020
data/g1020/labels/cropped_image_1717.png,data/g1020/images/cropped_image_1717.png,g1020
data/g1020/labels/cropped_image_1327.png,data/g1020/images/cropped_image_1327.png,g1020
data/g1020/labels/cropped_image_491.png,data/g1020/images/cropped_image_491.png,g1020
data/g1020/labels/cropped_image_1339.png,data/g1020/images/cropped_image_1339.png,g1020
data/g1020/labels/cropped_image_1589.png,data/g1020/images/cropped_image_1589.png,g1020
data/g1020/labels/cropped_image_163.png,data/g1020/images/cropped_image_163.png,g1020
data/g1020/labels/cropped_image_3019.png,data/g1020/images/cropped_image_3019.png,g1020
data/g1020/labels/cropped_image_2037.png,data/g1020/images/cropped_image_2037.png,g1020
data/g1020/labels/cropped_image_2036.png,data/g1020/images/cropped_image_2036.png,g1020
data/g1020/labels/cropped_image_1695.png,data/g1020/images/cropped_image_1695.png,g1020
data/g1020/labels/cropped_image_460.png,data/g1020/images/cropped_image_460.png,g1020
data/g1020/labels/cropped_image_2457.png,data/g1020/images/cropped_image_2457.png,g1020
data/g1020/labels/cropped_image_1404.png,data/g1020/images/cropped_image_1404.png,g1020
data/g1020/labels/cropped_image_1255.png,data/g1020/images/cropped_image_1255.png,g1020
data/g1020/labels/cropped_image_2533.png,data/g1020/images/cropped_image_2533.png,g1020
data/g1020/labels/cropped_image_2567.png,data/g1020/images/cropped_image_2567.png,g1020
data/g1020/labels/cropped_image_2516.png,data/g1020/images/cropped_image_2516.png,g1020
data/g1020/labels/cropped_image_2163.png,data/g1020/images/cropped_image_2163.png,g1020
data/g1020/labels/cropped_image_2702.png,data/g1020/images/cropped_image_2702.png,g1020
data/g1020/labels/cropped_image_3138.png,data/g1020/images/cropped_image_3138.png,g1020
data/g1020/labels/cropped_image_2690.png,data/g1020/images/cropped_image_2690.png,g1020
data/g1020/labels/cropped_image_2365.png,data/g1020/images/cropped_image_2365.png,g1020
data/g1020/labels/cropped_image_1599.png,data/g1020/images/cropped_image_1599.png,g1020
data/g1020/labels/cropped_image_2566.png,data/g1020/images/cropped_image_2566.png,g1020
data/g1020/labels/cropped_image_1759.png,data/g1020/images/cropped_image_1759.png,g1020
data/g1020/labels/cropped_image_3198.png,data/g1020/images/cropped_image_3198.png,g1020
data/g1020/labels/cropped_image_2956.png,data/g1020/images/cropped_image_2956.png,g1020
data/g1020/labels/cropped_image_2459.png,data/g1020/images/cropped_image_2459.png,g1020
data/g1020/labels/cropped_image_1982.png,data/g1020/images/cropped_image_1982.png,g1020
data/g1020/labels/cropped_image_1377.png,data/g1020/images/cropped_image_1377.png,g1020
data/g1020/labels/cropped_image_505.png,data/g1020/images/cropped_image_505.png,g1020
data/g1020/labels/cropped_image_1791.png,data/g1020/images/cropped_image_1791.png,g1020
data/g1020/labels/cropped_image_1384.png,data/g1020/images/cropped_image_1384.png,g1020
data/g1020/labels/cropped_image_1519.png,data/g1020/images/cropped_image_1519.png,g1020
data/g1020/labels/cropped_image_2881.png,data/g1020/images/cropped_image_2881.png,g1020
data/g1020/labels/cropped_image_2612.png,data/g1020/images/cropped_image_2612.png,g1020
data/g1020/labels/cropped_image_2677.png,data/g1020/images/cropped_image_2677.png,g1020
data/g1020/labels/cropped_image_2475.png,data/g1020/images/cropped_image_2475.png,g1020
data/g1020/labels/cropped_image_2998.png,data/g1020/images/cropped_image_2998.png,g1020
data/g1020/labels/cropped_image_2906.png,data/g1020/images/cropped_image_2906.png,g1020
data/g1020/labels/cropped_image_1189.png,data/g1020/images/cropped_image_1189.png,g1020
data/g1020/labels/cropped_image_1575.png,data/g1020/images/cropped_image_1575.png,g1020
data/g1020/labels/cropped_image_3044.png,data/g1020/images/cropped_image_3044.png,g1020
data/g1020/labels/cropped_image_2782.png,data/g1020/images/cropped_image_2782.png,g1020
data/g1020/labels/cropped_image_869.png,data/g1020/images/cropped_image_869.png,g1020
data/g1020/labels/cropped_image_2360.png,data/g1020/images/cropped_image_2360.png,g1020
data/g1020/labels/cropped_image_54.png,data/g1020/images/cropped_image_54.png,g1020
data/g1020/labels/cropped_image_2320.png,data/g1020/images/cropped_image_2320.png,g1020
data/g1020/labels/cropped_image_1202.png,data/g1020/images/cropped_image_1202.png,g1020
data/g1020/labels/cropped_image_1349.png,data/g1020/images/cropped_image_1349.png,g1020
data/g1020/labels/cropped_image_943.png,data/g1020/images/cropped_image_943.png,g1020
data/g1020/labels/cropped_image_354.png,data/g1020/images/cropped_image_354.png,g1020
data/g1020/labels/cropped_image_2022.png,data/g1020/images/cropped_image_2022.png,g1020
data/g1020/labels/cropped_image_1197.png,data/g1020/images/cropped_image_1197.png,g1020
data/g1020/labels/cropped_image_1403.png,data/g1020/images/cropped_image_1403.png,g1020
data/g1020/labels/cropped_image_1898.png,data/g1020/images/cropped_image_1898.png,g1020
data/g1020/labels/cropped_image_2431.png,data/g1020/images/cropped_image_2431.png,g1020
data/g1020/labels/cropped_image_1624.png,data/g1020/images/cropped_image_1624.png,g1020
data/g1020/labels/cropped_image_1240.png,data/g1020/images/cropped_image_1240.png,g1020
data/g1020/labels/cropped_image_1933.png,data/g1020/images/cropped_image_1933.png,g1020
data/g1020/labels/cropped_image_1932.png,data/g1020/images/cropped_image_1932.png,g1020
data/g1020/labels/cropped_image_881.png,data/g1020/images/cropped_image_881.png,g1020
data/g1020/labels/cropped_image_2245.png,data/g1020/images/cropped_image_2245.png,g1020
data/g1020/labels/cropped_image_1644.png,data/g1020/images/cropped_image_1644.png,g1020
data/g1020/labels/cropped_image_2220.png,data/g1020/images/cropped_image_2220.png,g1020
data/g1020/labels/cropped_image_150.png,data/g1020/images/cropped_image_150.png,g1020
data/g1020/labels/cropped_image_2110.png,data/g1020/images/cropped_image_2110.png,g1020
data/g1020/labels/cropped_image_66.png,data/g1020/images/cropped_image_66.png,g1020
data/g1020/labels/cropped_image_1213.png,data/g1020/images/cropped_image_1213.png,g1020
data/g1020/labels/cropped_image_1000.png,data/g1020/images/cropped_image_1000.png,g1020
data/g1020/labels/cropped_image_1095.png,data/g1020/images/cropped_image_1095.png,g1020
data/g1020/labels/cropped_image_856.png,data/g1020/images/cropped_image_856.png,g1020
data/g1020/labels/cropped_image_1498.png,data/g1020/images/cropped_image_1498.png,g1020
data/g1020/labels/cropped_image_2565.png,data/g1020/images/cropped_image_2565.png,g1020
data/g1020/labels/cropped_image_2564.png,data/g1020/images/cropped_image_2564.png,g1020
data/g1020/labels/cropped_image_123.png,data/g1020/images/cropped_image_123.png,g1020
data/g1020/labels/cropped_image_2279.png,data/g1020/images/cropped_image_2279.png,g1020
data/g1020/labels/cropped_image_10.png,data/g1020/images/cropped_image_10.png,g1020
data/g1020/labels/cropped_image_0.png,data/g1020/images/cropped_image_0.png,g1020
data/g1020/labels/cropped_image_2327.png,data/g1020/images/cropped_image_2327.png,g1020
data/g1020/labels/cropped_image_1787.png,data/g1020/images/cropped_image_1787.png,g1020
data/g1020/labels/cropped_image_1416.png,data/g1020/images/cropped_image_1416.png,g1020
data/g1020/labels/cropped_image_3066.png,data/g1020/images/cropped_image_3066.png,g1020
data/g1020/labels/cropped_image_3170.png,data/g1020/images/cropped_image_3170.png,g1020
data/g1020/labels/cropped_image_562.png,data/g1020/images/cropped_image_562.png,g1020
data/g1020/labels/cropped_image_2806.png,data/g1020/images/cropped_image_2806.png,g1020
data/g1020/labels/cropped_image_1591.png,data/g1020/images/cropped_image_1591.png,g1020
data/g1020/labels/cropped_image_2861.png,data/g1020/images/cropped_image_2861.png,g1020
data/g1020/labels/cropped_image_1415.png,data/g1020/images/cropped_image_1415.png,g1020
data/g1020/labels/cropped_image_2688.png,data/g1020/images/cropped_image_2688.png,g1020
data/g1020/labels/cropped_image_255.png,data/g1020/images/cropped_image_255.png,g1020
data/g1020/labels/cropped_image_231.png,data/g1020/images/cropped_image_231.png,g1020
data/g1020/labels/cropped_image_2201.png,data/g1020/images/cropped_image_2201.png,g1020
data/g1020/labels/cropped_image_126.png,data/g1020/images/cropped_image_126.png,g1020
data/g1020/labels/cropped_image_2765.png,data/g1020/images/cropped_image_2765.png,g1020
data/g1020/labels/cropped_image_467.png,data/g1020/images/cropped_image_467.png,g1020
data/g1020/labels/cropped_image_2173.png,data/g1020/images/cropped_image_2173.png,g1020
data/g1020/labels/cropped_image_387.png,data/g1020/images/cropped_image_387.png,g1020
data/g1020/labels/cropped_image_2200.png,data/g1020/images/cropped_image_2200.png,g1020
data/g1020/labels/cropped_image_2030.png,data/g1020/images/cropped_image_2030.png,g1020
data/g1020/labels/cropped_image_3164.png,data/g1020/images/cropped_image_3164.png,g1020
data/g1020/labels/cropped_image_1715.png,data/g1020/images/cropped_image_1715.png,g1020
data/g1020/labels/cropped_image_2199.png,data/g1020/images/cropped_image_2199.png,g1020
data/g1020/labels/cropped_image_2276.png,data/g1020/images/cropped_image_2276.png,g1020
data/g1020/labels/cropped_image_2700.png,data/g1020/images/cropped_image_2700.png,g1020
data/g1020/labels/cropped_image_1188.png,data/g1020/images/cropped_image_1188.png,g1020
data/g1020/labels/cropped_image_536.png,data/g1020/images/cropped_image_536.png,g1020
data/g1020/labels/cropped_image_2555.png,data/g1020/images/cropped_image_2555.png,g1020
data/g1020/labels/cropped_image_2695.png,data/g1020/images/cropped_image_2695.png,g1020
data/g1020/labels/cropped_image_2471.png,data/g1020/images/cropped_image_2471.png,g1020
data/g1020/labels/cropped_image_1716.png,data/g1020/images/cropped_image_1716.png,g1020
data/g1020/labels/cropped_image_444.png,data/g1020/images/cropped_image_444.png,g1020
data/g1020/labels/cropped_image_774.png,data/g1020/images/cropped_image_774.png,g1020
data/g1020/labels/cropped_image_746.png,data/g1020/images/cropped_image_746.png,g1020
data/g1020/labels/cropped_image_965.png,data/g1020/images/cropped_image_965.png,g1020
data/g1020/labels/cropped_image_2411.png,data/g1020/images/cropped_image_2411.png,g1020
data/g1020/labels/cropped_image_2992.png,data/g1020/images/cropped_image_2992.png,g1020
data/g1020/labels/cropped_image_3082.png,data/g1020/images/cropped_image_3082.png,g1020
data/g1020/labels/cropped_image_2097.png,data/g1020/images/cropped_image_2097.png,g1020
data/g1020/labels/cropped_image_958.png,data/g1020/images/cropped_image_958.png,g1020
data/g1020/labels/cropped_image_3143.png,data/g1020/images/cropped_image_3143.png,g1020
data/g1020/labels/cropped_image_3202.png,data/g1020/images/cropped_image_3202.png,g1020
data/g1020/labels/cropped_image_50.png,data/g1020/images/cropped_image_50.png,g1020
data/g1020/labels/cropped_image_1328.png,data/g1020/images/cropped_image_1328.png,g1020
data/g1020/labels/cropped_image_2605.png,data/g1020/images/cropped_image_2605.png,g1020
data/g1020/labels/cropped_image_498.png,data/g1020/images/cropped_image_498.png,g1020
data/g1020/labels/cropped_image_2474.png,data/g1020/images/cropped_image_2474.png,g1020
data/g1020/labels/cropped_image_336.png,data/g1020/images/cropped_image_336.png,g1020
data/g1020/labels/cropped_image_874.png,data/g1020/images/cropped_image_874.png,g1020
data/g1020/labels/cropped_image_3064.png,data/g1020/images/cropped_image_3064.png,g1020
data/g1020/labels/cropped_image_1876.png,data/g1020/images/cropped_image_1876.png,g1020
data/g1020/labels/cropped_image_2728.png,data/g1020/images/cropped_image_2728.png,g1020
data/g1020/labels/cropped_image_957.png,data/g1020/images/cropped_image_957.png,g1020
data/g1020/labels/cropped_image_2102.png,data/g1020/images/cropped_image_2102.png,g1020
data/g1020/labels/cropped_image_63.png,data/g1020/images/cropped_image_63.png,g1020
data/g1020/labels/cropped_image_77.png,data/g1020/images/cropped_image_77.png,g1020
data/g1020/labels/cropped_image_1960.png,data/g1020/images/cropped_image_1960.png,g1020
data/g1020/labels/cropped_image_924.png,data/g1020/images/cropped_image_924.png,g1020
data/g1020/labels/cropped_image_2975.png,data/g1020/images/cropped_image_2975.png,g1020
data/g1020/labels/cropped_image_113.png,data/g1020/images/cropped_image_113.png,g1020
data/g1020/labels/cropped_image_3059.png,data/g1020/images/cropped_image_3059.png,g1020
data/g1020/labels/cropped_image_821.png,data/g1020/images/cropped_image_821.png,g1020
data/g1020/labels/cropped_image_2914.png,data/g1020/images/cropped_image_2914.png,g1020
data/g1020/labels/cropped_image_897.png,data/g1020/images/cropped_image_897.png,g1020
data/g1020/labels/cropped_image_2686.png,data/g1020/images/cropped_image_2686.png,g1020
data/g1020/labels/cropped_image_2957.png,data/g1020/images/cropped_image_2957.png,g1020
data/g1020/labels/cropped_image_2578.png,data/g1020/images/cropped_image_2578.png,g1020
data/g1020/labels/cropped_image_2529.png,data/g1020/images/cropped_image_2529.png,g1020
data/g1020/labels/cropped_image_1496.png,data/g1020/images/cropped_image_1496.png,g1020
data/g1020/labels/cropped_image_2941.png,data/g1020/images/cropped_image_2941.png,g1020
data/g1020/labels/cropped_image_1526.png,data/g1020/images/cropped_image_1526.png,g1020
data/g1020/labels/cropped_image_1431.png,data/g1020/images/cropped_image_1431.png,g1020
data/g1020/labels/cropped_image_980.png,data/g1020/images/cropped_image_980.png,g1020
data/g1020/labels/cropped_image_1917.png,data/g1020/images/cropped_image_1917.png,g1020
data/g1020/labels/cropped_image_1143.png,data/g1020/images/cropped_image_1143.png,g1020
data/g1020/labels/cropped_image_1923.png,data/g1020/images/cropped_image_1923.png,g1020
data/g1020/labels/cropped_image_13.png,data/g1020/images/cropped_image_13.png,g1020
data/g1020/labels/cropped_image_512.png,data/g1020/images/cropped_image_512.png,g1020
data/g1020/labels/cropped_image_1595.png,data/g1020/images/cropped_image_1595.png,g1020
data/g1020/labels/cropped_image_2839.png,data/g1020/images/cropped_image_2839.png,g1020
data/g1020/labels/cropped_image_1478.png,data/g1020/images/cropped_image_1478.png,g1020
data/g1020/labels/cropped_image_1190.png,data/g1020/images/cropped_image_1190.png,g1020
data/g1020/labels/cropped_image_2020.png,data/g1020/images/cropped_image_2020.png,g1020
data/g1020/labels/cropped_image_1338.png,data/g1020/images/cropped_image_1338.png,g1020
data/g1020/labels/cropped_image_777.png,data/g1020/images/cropped_image_777.png,g1020
data/g1020/labels/cropped_image_6.png,data/g1020/images/cropped_image_6.png,g1020
data/g1020/labels/cropped_image_1714.png,data/g1020/images/cropped_image_1714.png,g1020
data/g1020/labels/cropped_image_2652.png,data/g1020/images/cropped_image_2652.png,g1020
data/g1020/labels/cropped_image_2692.png,data/g1020/images/cropped_image_2692.png,g1020
data/g1020/labels/cropped_image_1270.png,data/g1020/images/cropped_image_1270.png,g1020
data/g1020/labels/cropped_image_3023.png,data/g1020/images/cropped_image_3023.png,g1020
data/g1020/labels/cropped_image_2246.png,data/g1020/images/cropped_image_2246.png,g1020
data/g1020/labels/cropped_image_1766.png,data/g1020/images/cropped_image_1766.png,g1020
data/g1020/labels/cropped_image_144.png,data/g1020/images/cropped_image_144.png,g1020
data/g1020/labels/cropped_image_199.png,data/g1020/images/cropped_image_199.png,g1020
data/g1020/labels/cropped_image_1337.png,data/g1020/images/cropped_image_1337.png,g1020
data/g1020/labels/cropped_image_2375.png,data/g1020/images/cropped_image_2375.png,g1020
data/g1020/labels/cropped_image_2972.png,data/g1020/images/cropped_image_2972.png,g1020
data/g1020/labels/cropped_image_1711.png,data/g1020/images/cropped_image_1711.png,g1020
data/g1020/labels/cropped_image_2795.png,data/g1020/images/cropped_image_2795.png,g1020
data/g1020/labels/cropped_image_2470.png,data/g1020/images/cropped_image_2470.png,g1020
data/g1020/labels/cropped_image_202.png,data/g1020/images/cropped_image_202.png,g1020
data/g1020/labels/cropped_image_2368.png,data/g1020/images/cropped_image_2368.png,g1020
data/g1020/labels/cropped_image_1522.png,data/g1020/images/cropped_image_1522.png,g1020
data/g1020/labels/cropped_image_2473.png,data/g1020/images/cropped_image_2473.png,g1020
data/g1020/labels/cropped_image_1254.png,data/g1020/images/cropped_image_1254.png,g1020
data/g1020/labels/cropped_image_2713.png,data/g1020/images/cropped_image_2713.png,g1020
data/g1020/labels/cropped_image_614.png,data/g1020/images/cropped_image_614.png,g1020
data/g1020/labels/cropped_image_2553.png,data/g1020/images/cropped_image_2553.png,g1020
data/g1020/labels/cropped_image_2530.png,data/g1020/images/cropped_image_2530.png,g1020
data/g1020/labels/cropped_image_1032.png,data/g1020/images/cropped_image_1032.png,g1020
data/g1020/labels/cropped_image_2503.png,data/g1020/images/cropped_image_2503.png,g1020
data/g1020/labels/cropped_image_526.png,data/g1020/images/cropped_image_526.png,g1020
data/g1020/labels/cropped_image_2588.png,data/g1020/images/cropped_image_2588.png,g1020
data/g1020/labels/cropped_image_1471.png,data/g1020/images/cropped_image_1471.png,g1020
data/g1020/labels/cropped_image_1956.png,data/g1020/images/cropped_image_1956.png,g1020
data/g1020/labels/cropped_image_31.png,data/g1020/images/cropped_image_31.png,g1020
data/g1020/labels/cropped_image_3000.png,data/g1020/images/cropped_image_3000.png,g1020
data/g1020/labels/cropped_image_2319.png,data/g1020/images/cropped_image_2319.png,g1020
data/g1020/labels/cropped_image_1999.png,data/g1020/images/cropped_image_1999.png,g1020
data/g1020/labels/cropped_image_143.png,data/g1020/images/cropped_image_143.png,g1020
data/g1020/labels/cropped_image_3137.png,data/g1020/images/cropped_image_3137.png,g1020
data/g1020/labels/cropped_image_233.png,data/g1020/images/cropped_image_233.png,g1020
data/g1020/labels/cropped_image_942.png,data/g1020/images/cropped_image_942.png,g1020
data/g1020/labels/cropped_image_1330.png,data/g1020/images/cropped_image_1330.png,g1020
data/g1020/labels/cropped_image_1356.png,data/g1020/images/cropped_image_1356.png,g1020
data/g1020/labels/cropped_image_3080.png,data/g1020/images/cropped_image_3080.png,g1020
data/g1020/labels/cropped_image_1321.png,data/g1020/images/cropped_image_1321.png,g1020
data/g1020/labels/cropped_image_748.png,data/g1020/images/cropped_image_748.png,g1020
data/g1020/labels/cropped_image_1481.png,data/g1020/images/cropped_image_1481.png,g1020
data/g1020/labels/cropped_image_437.png,data/g1020/images/cropped_image_437.png,g1020
data/g1020/labels/cropped_image_1516.png,data/g1020/images/cropped_image_1516.png,g1020
data/g1020/labels/cropped_image_384.png,data/g1020/images/cropped_image_384.png,g1020
data/g1020/labels/cropped_image_1692.png,data/g1020/images/cropped_image_1692.png,g1020
data/g1020/labels/cropped_image_2823.png,data/g1020/images/cropped_image_2823.png,g1020
data/g1020/labels/cropped_image_1271.png,data/g1020/images/cropped_image_1271.png,g1020
data/g1020/labels/cropped_image_1702.png,data/g1020/images/cropped_image_1702.png,g1020
data/g1020/labels/cropped_image_597.png,data/g1020/images/cropped_image_597.png,g1020
data/g1020/labels/cropped_image_1497.png,data/g1020/images/cropped_image_1497.png,g1020
data/g1020/labels/cropped_image_2525.png,data/g1020/images/cropped_image_2525.png,g1020
data/g1020/labels/cropped_image_628.png,data/g1020/images/cropped_image_628.png,g1020
data/g1020/labels/cropped_image_236.png,data/g1020/images/cropped_image_236.png,g1020
data/g1020/labels/cropped_image_107.png,data/g1020/images/cropped_image_107.png,g1020
data/g1020/labels/cropped_image_2532.png,data/g1020/images/cropped_image_2532.png,g1020
data/g1020/labels/cropped_image_2950.png,data/g1020/images/cropped_image_2950.png,g1020
data/g1020/labels/cropped_image_2309.png,data/g1020/images/cropped_image_2309.png,g1020
data/g1020/labels/cropped_image_2935.png,data/g1020/images/cropped_image_2935.png,g1020
data/g1020/labels/cropped_image_315.png,data/g1020/images/cropped_image_315.png,g1020
data/g1020/labels/cropped_image_366.png,data/g1020/images/cropped_image_366.png,g1020
data/g1020/labels/cropped_image_164.png,data/g1020/images/cropped_image_164.png,g1020
data/g1020/labels/cropped_image_1723.png,data/g1020/images/cropped_image_1723.png,g1020
data/g1020/labels/cropped_image_367.png,data/g1020/images/cropped_image_367.png,g1020
data/g1020/labels/cropped_image_3067.png,data/g1020/images/cropped_image_3067.png,g1020
data/g1020/labels/cropped_image_18.png,data/g1020/images/cropped_image_18.png,g1020
data/g1020/labels/cropped_image_1250.png,data/g1020/images/cropped_image_1250.png,g1020
data/g1020/labels/cropped_image_1825.png,data/g1020/images/cropped_image_1825.png,g1020
data/g1020/labels/cropped_image_1081.png,data/g1020/images/cropped_image_1081.png,g1020
data/g1020/labels/cropped_image_2326.png,data/g1020/images/cropped_image_2326.png,g1020
data/g1020/labels/cropped_image_2436.png,data/g1020/images/cropped_image_2436.png,g1020
data/g1020/labels/cropped_image_2731.png,data/g1020/images/cropped_image_2731.png,g1020
data/g1020/labels/cropped_image_954.png,data/g1020/images/cropped_image_954.png,g1020
data/g1020/labels/cropped_image_911.png,data/g1020/images/cropped_image_911.png,g1020
data/g1020/labels/cropped_image_1824.png,data/g1020/images/cropped_image_1824.png,g1020
data/g1020/labels/cropped_image_2148.png,data/g1020/images/cropped_image_2148.png,g1020
data/g1020/labels/cropped_image_217.png,data/g1020/images/cropped_image_217.png,g1020
data/g1020/labels/cropped_image_765.png,data/g1020/images/cropped_image_765.png,g1020
data/g1020/labels/cropped_image_703.png,data/g1020/images/cropped_image_703.png,g1020
data/g1020/labels/cropped_image_2217.png,data/g1020/images/cropped_image_2217.png,g1020
data/g1020/labels/cropped_image_222.png,data/g1020/images/cropped_image_222.png,g1020
data/g1020/labels/cropped_image_1141.png,data/g1020/images/cropped_image_1141.png,g1020
data/g1020/labels/cropped_image_1304.png,data/g1020/images/cropped_image_1304.png,g1020
data/g1020/labels/cropped_image_1892.png,data/g1020/images/cropped_image_1892.png,g1020
data/g1020/labels/cropped_image_2981.png,data/g1020/images/cropped_image_2981.png,g1020
data/g1020/labels/cropped_image_218.png,data/g1020/images/cropped_image_218.png,g1020
data/g1020/labels/cropped_image_1080.png,data/g1020/images/cropped_image_1080.png,g1020
data/g1020/labels/cropped_image_1521.png,data/g1020/images/cropped_image_1521.png,g1020
data/g1020/labels/cropped_image_2523.png,data/g1020/images/cropped_image_2523.png,g1020
data/g1020/labels/cropped_image_1922.png,data/g1020/images/cropped_image_1922.png,g1020
data/g1020/labels/cropped_image_1543.png,data/g1020/images/cropped_image_1543.png,g1020
data/g1020/labels/cropped_image_327.png,data/g1020/images/cropped_image_327.png,g1020
data/g1020/labels/cropped_image_110.png,data/g1020/images/cropped_image_110.png,g1020
data/g1020/labels/cropped_image_3132.png,data/g1020/images/cropped_image_3132.png,g1020
data/g1020/labels/cropped_image_3029.png,data/g1020/images/cropped_image_3029.png,g1020
data/g1020/labels/cropped_image_46.png,data/g1020/images/cropped_image_46.png,g1020
data/g1020/labels/cropped_image_3038.png,data/g1020/images/cropped_image_3038.png,g1020
data/g1020/labels/cropped_image_2229.png,data/g1020/images/cropped_image_2229.png,g1020
data/g1020/labels/cropped_image_1233.png,data/g1020/images/cropped_image_1233.png,g1020
data/g1020/labels/cropped_image_1616.png,data/g1020/images/cropped_image_1616.png,g1020
data/g1020/labels/cropped_image_956.png,data/g1020/images/cropped_image_956.png,g1020
data/g1020/labels/cropped_image_2225.png,data/g1020/images/cropped_image_2225.png,g1020
data/g1020/labels/cropped_image_3026.png,data/g1020/images/cropped_image_3026.png,g1020
data/g1020/labels/cropped_image_2171.png,data/g1020/images/cropped_image_2171.png,g1020
data/g1020/labels/cropped_image_2189.png,data/g1020/images/cropped_image_2189.png,g1020
data/g1020/labels/cropped_image_1902.png,data/g1020/images/cropped_image_1902.png,g1020
data/g1020/labels/cropped_image_47.png,data/g1020/images/cropped_image_47.png,g1020
data/g1020/labels/cropped_image_857.png,data/g1020/images/cropped_image_857.png,g1020
data/g1020/labels/cropped_image_1035.png,data/g1020/images/cropped_image_1035.png,g1020
data/g1020/labels/cropped_image_106.png,data/g1020/images/cropped_image_106.png,g1020
data/g1020/labels/cropped_image_1798.png,data/g1020/images/cropped_image_1798.png,g1020
data/g1020/labels/cropped_image_2732.png,data/g1020/images/cropped_image_2732.png,g1020
data/g1020/labels/cropped_image_1524.png,data/g1020/images/cropped_image_1524.png,g1020
data/g1020/labels/cropped_image_2550.png,data/g1020/images/cropped_image_2550.png,g1020
data/g1020/labels/cropped_image_513.png,data/g1020/images/cropped_image_513.png,g1020
data/g1020/labels/cropped_image_122.png,data/g1020/images/cropped_image_122.png,g1020
data/g1020/labels/cropped_image_121.png,data/g1020/images/cropped_image_121.png,g1020
data/g1020/labels/cropped_image_64.png,data/g1020/images/cropped_image_64.png,g1020
data/g1020/labels/cropped_image_3182.png,data/g1020/images/cropped_image_3182.png,g1020
data/g1020/labels/cropped_image_2042.png,data/g1020/images/cropped_image_2042.png,g1020
data/g1020/labels/cropped_image_49.png,data/g1020/images/cropped_image_49.png,g1020
data/g1020/labels/cropped_image_931.png,data/g1020/images/cropped_image_931.png,g1020
data/g1020/labels/cropped_image_2729.png,data/g1020/images/cropped_image_2729.png,g1020
data/g1020/labels/cropped_image_2898.png,data/g1020/images/cropped_image_2898.png,g1020
data/g1020/labels/cropped_image_1204.png,data/g1020/images/cropped_image_1204.png,g1020
data/g1020/labels/cropped_image_1788.png,data/g1020/images/cropped_image_1788.png,g1020
data/g1020/labels/cropped_image_2363.png,data/g1020/images/cropped_image_2363.png,g1020
data/g1020/labels/cropped_image_1625.png,data/g1020/images/cropped_image_1625.png,g1020
data/g1020/labels/cropped_image_2143.png,data/g1020/images/cropped_image_2143.png,g1020
data/g1020/labels/cropped_image_266.png,data/g1020/images/cropped_image_266.png,g1020
data/g1020/labels/cropped_image_20.png,data/g1020/images/cropped_image_20.png,g1020
data/g1020/labels/cropped_image_1386.png,data/g1020/images/cropped_image_1386.png,g1020
data/g1020/labels/cropped_image_1786.png,data/g1020/images/cropped_image_1786.png,g1020
data/g1020/labels/cropped_image_2936.png,data/g1020/images/cropped_image_2936.png,g1020
data/g1020/labels/cropped_image_2505.png,data/g1020/images/cropped_image_2505.png,g1020
data/g1020/labels/cropped_image_726.png,data/g1020/images/cropped_image_726.png,g1020
data/g1020/labels/cropped_image_1525.png,data/g1020/images/cropped_image_1525.png,g1020
data/g1020/labels/cropped_image_2223.png,data/g1020/images/cropped_image_2223.png,g1020
data/g1020/labels/cropped_image_2946.png,data/g1020/images/cropped_image_2946.png,g1020
data/g1020/labels/cropped_image_1331.png,data/g1020/images/cropped_image_1331.png,g1020
data/g1020/labels/cropped_image_545.png,data/g1020/images/cropped_image_545.png,g1020
data/g1020/labels/cropped_image_2734.png,data/g1020/images/cropped_image_2734.png,g1020
data/g1020/labels/cropped_image_2608.png,data/g1020/images/cropped_image_2608.png,g1020
data/g1020/labels/cropped_image_567.png,data/g1020/images/cropped_image_567.png,g1020
data/g1020/labels/cropped_image_3040.png,data/g1020/images/cropped_image_3040.png,g1020
data/g1020/labels/cropped_image_1915.png,data/g1020/images/cropped_image_1915.png,g1020
data/g1020/labels/cropped_image_470.png,data/g1020/images/cropped_image_470.png,g1020
data/g1020/labels/cropped_image_2693.png,data/g1020/images/cropped_image_2693.png,g1020
data/g1020/labels/cropped_image_489.png,data/g1020/images/cropped_image_489.png,g1020
data/g1020/labels/cropped_image_32.png,data/g1020/images/cropped_image_32.png,g1020
data/g1020/labels/cropped_image_2418.png,data/g1020/images/cropped_image_2418.png,g1020
data/g1020/labels/cropped_image_2248.png,data/g1020/images/cropped_image_2248.png,g1020
data/g1020/labels/cropped_image_1217.png,data/g1020/images/cropped_image_1217.png,g1020
data/g1020/labels/cropped_image_2570.png,data/g1020/images/cropped_image_2570.png,g1020
data/g1020/labels/cropped_image_256.png,data/g1020/images/cropped_image_256.png,g1020
data/g1020/labels/cropped_image_3018.png,data/g1020/images/cropped_image_3018.png,g1020
data/g1020/labels/cropped_image_2559.png,data/g1020/images/cropped_image_2559.png,g1020
data/g1020/labels/cropped_image_1260.png,data/g1020/images/cropped_image_1260.png,g1020
data/g1020/labels/cropped_image_1704.png,data/g1020/images/cropped_image_1704.png,g1020
data/g1020/labels/cropped_image_1608.png,data/g1020/images/cropped_image_1608.png,g1020
data/g1020/labels/cropped_image_2215.png,data/g1020/images/cropped_image_2215.png,g1020
data/g1020/labels/cropped_image_2825.png,data/g1020/images/cropped_image_2825.png,g1020
data/g1020/labels/cropped_image_2299.png,data/g1020/images/cropped_image_2299.png,g1020
data/g1020/labels/cropped_image_2417.png,data/g1020/images/cropped_image_2417.png,g1020
data/g1020/labels/cropped_image_1034.png,data/g1020/images/cropped_image_1034.png,g1020
data/g1020/labels/cropped_image_420.png,data/g1020/images/cropped_image_420.png,g1020
data/g1020/labels/cropped_image_1402.png,data/g1020/images/cropped_image_1402.png,g1020
data/g1020/labels/cropped_image_1350.png,data/g1020/images/cropped_image_1350.png,g1020
data/g1020/labels/cropped_image_2101.png,data/g1020/images/cropped_image_2101.png,g1020
data/g1020/labels/cropped_image_584.png,data/g1020/images/cropped_image_584.png,g1020
data/g1020/labels/cropped_image_2034.png,data/g1020/images/cropped_image_2034.png,g1020
data/g1020/labels/cropped_image_2602.png,data/g1020/images/cropped_image_2602.png,g1020
data/g1020/labels/cropped_image_2437.png,data/g1020/images/cropped_image_2437.png,g1020
data/g1020/labels/cropped_image_3021.png,data/g1020/images/cropped_image_3021.png,g1020
data/g1020/labels/cropped_image_1875.png,data/g1020/images/cropped_image_1875.png,g1020
data/g1020/labels/cropped_image_78.png,data/g1020/images/cropped_image_78.png,g1020
data/g1020/labels/cropped_image_493.png,data/g1020/images/cropped_image_493.png,g1020
data/g1020/labels/cropped_image_292.png,data/g1020/images/cropped_image_292.png,g1020
data/g1020/labels/cropped_image_2668.png,data/g1020/images/cropped_image_2668.png,g1020
data/g1020/labels/cropped_image_2046.png,data/g1020/images/cropped_image_2046.png,g1020
data/g1020/labels/cropped_image_111.png,data/g1020/images/cropped_image_111.png,g1020
data/g1020/labels/cropped_image_3091.png,data/g1020/images/cropped_image_3091.png,g1020
data/g1020/labels/cropped_image_1687.png,data/g1020/images/cropped_image_1687.png,g1020
data/g1020/labels/cropped_image_626.png,data/g1020/images/cropped_image_626.png,g1020
data/g1020/labels/cropped_image_2111.png,data/g1020/images/cropped_image_2111.png,g1020
data/g1020/labels/cropped_image_1389.png,data/g1020/images/cropped_image_1389.png,g1020
data/g1020/labels/cropped_image_1470.png,data/g1020/images/cropped_image_1470.png,g1020
data/g1020/labels/cropped_image_1142.png,data/g1020/images/cropped_image_1142.png,g1020
data/g1020/labels/cropped_image_2162.png,data/g1020/images/cropped_image_2162.png,g1020
data/g1020/labels/cropped_image_2125.png,data/g1020/images/cropped_image_2125.png,g1020
data/g1020/labels/cropped_image_304.png,data/g1020/images/cropped_image_304.png,g1020
data/g1020/labels/cropped_image_2366.png,data/g1020/images/cropped_image_2366.png,g1020
data/g1020/labels/cropped_image_1926.png,data/g1020/images/cropped_image_1926.png,g1020
data/g1020/labels/cropped_image_1033.png,data/g1020/images/cropped_image_1033.png,g1020
data/g1020/labels/cropped_image_1087.png,data/g1020/images/cropped_image_1087.png,g1020
data/g1020/labels/cropped_image_1592.png,data/g1020/images/cropped_image_1592.png,g1020
data/g1020/labels/cropped_image_2458.png,data/g1020/images/cropped_image_2458.png,g1020
data/g1020/labels/cropped_image_1199.png,data/g1020/images/cropped_image_1199.png,g1020
data/g1020/labels/cropped_image_2733.png,data/g1020/images/cropped_image_2733.png,g1020
data/g1020/labels/cropped_image_445.png,data/g1020/images/cropped_image_445.png,g1020
data/g1020/labels/cropped_image_2949.png,data/g1020/images/cropped_image_2949.png,g1020
data/g1020/labels/cropped_image_153.png,data/g1020/images/cropped_image_153.png,g1020
data/g1020/labels/cropped_image_1335.png,data/g1020/images/cropped_image_1335.png,g1020
data/g1020/labels/cropped_image_2788.png,data/g1020/images/cropped_image_2788.png,g1020
data/g1020/labels/cropped_image_11.png,data/g1020/images/cropped_image_11.png,g1020
data/g1020/labels/cropped_image_1138.png,data/g1020/images/cropped_image_1138.png,g1020
data/g1020/labels/cropped_image_883.png,data/g1020/images/cropped_image_883.png,g1020
data/g1020/labels/cropped_image_533.png,data/g1020/images/cropped_image_533.png,g1020
data/g1020/labels/cropped_image_2292.png,data/g1020/images/cropped_image_2292.png,g1020
data/g1020/labels/cropped_image_879.png,data/g1020/images/cropped_image_879.png,g1020
data/g1020/labels/cropped_image_643.png,data/g1020/images/cropped_image_643.png,g1020
data/g1020/labels/cropped_image_2784.png,data/g1020/images/cropped_image_2784.png,g1020
data/g1020/labels/cropped_image_2355.png,data/g1020/images/cropped_image_2355.png,g1020
data/g1020/labels/cropped_image_2210.png,data/g1020/images/cropped_image_2210.png,g1020
data/g1020/labels/cropped_image_1515.png,data/g1020/images/cropped_image_1515.png,g1020
data/g1020/labels/cropped_image_1201.png,data/g1020/images/cropped_image_1201.png,g1020
data/g1020/labels/cropped_image_338.png,data/g1020/images/cropped_image_338.png,g1020
data/g1020/labels/cropped_image_1391.png,data/g1020/images/cropped_image_1391.png,g1020
data/g1020/labels/cropped_image_2045.png,data/g1020/images/cropped_image_2045.png,g1020
data/g1020/labels/cropped_image_519.png,data/g1020/images/cropped_image_519.png,g1020
data/g1020/labels/cropped_image_1329.png,data/g1020/images/cropped_image_1329.png,g1020
data/g1020/labels/cropped_image_2698.png,data/g1020/images/cropped_image_2698.png,g1020
data/g1020/labels/cropped_image_1388.png,data/g1020/images/cropped_image_1388.png,g1020
data/g1020/labels/cropped_image_2226.png,data/g1020/images/cropped_image_2226.png,g1020
data/g1020/labels/cropped_image_1507.png,data/g1020/images/cropped_image_1507.png,g1020
data/g1020/labels/cropped_image_1626.png,data/g1020/images/cropped_image_1626.png,g1020
data/g1020/labels/cropped_image_1623.png,data/g1020/images/cropped_image_1623.png,g1020
data/g1020/labels/cropped_image_3159.png,data/g1020/images/cropped_image_3159.png,g1020
data/g1020/labels/cropped_image_1710.png,data/g1020/images/cropped_image_1710.png,g1020
data/g1020/labels/cropped_image_2974.png,data/g1020/images/cropped_image_2974.png,g1020
data/g1020/labels/cropped_image_778.png,data/g1020/images/cropped_image_778.png,g1020
data/g1020/labels/cropped_image_2781.png,data/g1020/images/cropped_image_2781.png,g1020
data/g1020/labels/cropped_image_3117.png,data/g1020/images/cropped_image_3117.png,g1020
data/g1020/labels/cropped_image_1580.png,data/g1020/images/cropped_image_1580.png,g1020
data/g1020/labels/cropped_image_2703.png,data/g1020/images/cropped_image_2703.png,g1020
data/g1020/labels/cropped_image_2980.png,data/g1020/images/cropped_image_2980.png,g1020
data/g1020/labels/cropped_image_1576.png,data/g1020/images/cropped_image_1576.png,g1020
data/g1020/labels/cropped_image_3183.png,data/g1020/images/cropped_image_3183.png,g1020
data/g1020/labels/cropped_image_2361.png,data/g1020/images/cropped_image_2361.png,g1020
data/g1020/labels/cropped_image_2970.png,data/g1020/images/cropped_image_2970.png,g1020
data/g1020/labels/cropped_image_1847.png,data/g1020/images/cropped_image_1847.png,g1020
data/g1020/labels/cropped_image_659.png,data/g1020/images/cropped_image_659.png,g1020
data/g1020/labels/cropped_image_2735.png,data/g1020/images/cropped_image_2735.png,g1020
data/g1020/labels/cropped_image_216.png,data/g1020/images/cropped_image_216.png,g1020
data/g1020/labels/cropped_image_3129.png,data/g1020/images/cropped_image_3129.png,g1020
data/g1020/labels/cropped_image_1367.png,data/g1020/images/cropped_image_1367.png,g1020
data/g1020/labels/cropped_image_372.png,data/g1020/images/cropped_image_372.png,g1020
data/g1020/labels/cropped_image_2315.png,data/g1020/images/cropped_image_2315.png,g1020
data/g1020/labels/cropped_image_3130.png,data/g1020/images/cropped_image_3130.png,g1020
data/g1020/labels/cropped_image_542.png,data/g1020/images/cropped_image_542.png,g1020
data/g1020/labels/cropped_image_1789.png,data/g1020/images/cropped_image_1789.png,g1020
data/g1020/labels/cropped_image_1479.png,data/g1020/images/cropped_image_1479.png,g1020
data/g1020/labels/cropped_image_1161.png,data/g1020/images/cropped_image_1161.png,g1020
data/g1020/labels/cropped_image_234.png,data/g1020/images/cropped_image_234.png,g1020
data/g1020/labels/cropped_image_2945.png,data/g1020/images/cropped_image_2945.png,g1020
data/g1020/labels/cropped_image_2482.png,data/g1020/images/cropped_image_2482.png,g1020
data/g1020/labels/cropped_image_2048.png,data/g1020/images/cropped_image_2048.png,g1020
data/g1020/labels/cropped_image_807.png,data/g1020/images/cropped_image_807.png,g1020
data/g1020/labels/cropped_image_2805.png,data/g1020/images/cropped_image_2805.png,g1020
data/g1020/labels/cropped_image_816.png,data/g1020/images/cropped_image_816.png,g1020
data/g1020/labels/cropped_image_608.png,data/g1020/images/cropped_image_608.png,g1020
data/g1020/labels/cropped_image_780.png,data/g1020/images/cropped_image_780.png,g1020
data/g1020/labels/cropped_image_5.png,data/g1020/images/cropped_image_5.png,g1020
data/g1020/labels/cropped_image_1590.png,data/g1020/images/cropped_image_1590.png,g1020
data/g1020/labels/cropped_image_1187.png,data/g1020/images/cropped_image_1187.png,g1020
data/g1020/labels/cropped_image_1959.png,data/g1020/images/cropped_image_1959.png,g1020
data/g1020/labels/cropped_image_1322.png,data/g1020/images/cropped_image_1322.png,g1020
data/g1020/labels/cropped_image_353.png,data/g1020/images/cropped_image_353.png,g1020
data/g1020/labels/cropped_image_613.png,data/g1020/images/cropped_image_613.png,g1020
data/g1020/labels/cropped_image_535.png,data/g1020/images/cropped_image_535.png,g1020
data/g1020/labels/cropped_image_566.png,data/g1020/images/cropped_image_566.png,g1020
data/g1020/labels/cropped_image_955.png,data/g1020/images/cropped_image_955.png,g1020
data/g1020/labels/cropped_image_2435.png,data/g1020/images/cropped_image_2435.png,g1020
data/g1020/labels/cropped_image_861.png,data/g1020/images/cropped_image_861.png,g1020
data/g1020/labels/cropped_image_1231.png,data/g1020/images/cropped_image_1231.png,g1020
data/g1020/labels/cropped_image_1699.png,data/g1020/images/cropped_image_1699.png,g1020
data/g1020/labels/cropped_image_1862.png,data/g1020/images/cropped_image_1862.png,g1020
data/g1020/labels/cropped_image_2188.png,data/g1020/images/cropped_image_2188.png,g1020
data/g1020/labels/cropped_image_2310.png,data/g1020/images/cropped_image_2310.png,g1020
data/g1020/labels/cropped_image_2289.png,data/g1020/images/cropped_image_2289.png,g1020
data/g1020/labels/cropped_image_3165.png,data/g1020/images/cropped_image_3165.png,g1020
data/g1020/labels/cropped_image_1355.png,data/g1020/images/cropped_image_1355.png,g1020
data/g1020/labels/cropped_image_1790.png,data/g1020/images/cropped_image_1790.png,g1020
data/g1020/labels/cropped_image_2902.png,data/g1020/images/cropped_image_2902.png,g1020
data/g1020/labels/cropped_image_1317.png,data/g1020/images/cropped_image_1317.png,g1020
data/g1020/labels/cropped_image_2887.png,data/g1020/images/cropped_image_2887.png,g1020
data/g1020/labels/cropped_image_1165.png,data/g1020/images/cropped_image_1165.png,g1020
data/g1020/labels/cropped_image_2149.png,data/g1020/images/cropped_image_2149.png,g1020
data/g1020/labels/cropped_image_104.png,data/g1020/images/cropped_image_104.png,g1020
data/g1020/labels/cropped_image_2577.png,data/g1020/images/cropped_image_2577.png,g1020
data/g1020/labels/cropped_image_1238.png,data/g1020/images/cropped_image_1238.png,g1020
data/g1020/labels/cropped_image_543.png,data/g1020/images/cropped_image_543.png,g1020
data/g1020/labels/cropped_image_2571.png,data/g1020/images/cropped_image_2571.png,g1020
data/g1020/labels/cropped_image_2810.png,data/g1020/images/cropped_image_2810.png,g1020
data/g1020/labels/cropped_image_1901.png,data/g1020/images/cropped_image_1901.png,g1020
data/g1020/labels/cropped_image_1609.png,data/g1020/images/cropped_image_1609.png,g1020
data/g1020/labels/cropped_image_808.png,data/g1020/images/cropped_image_808.png,g1020
data/g1020/labels/cropped_image_171.png,data/g1020/images/cropped_image_171.png,g1020
data/g1020/labels/cropped_image_1463.png,data/g1020/images/cropped_image_1463.png,g1020
data/g1020/labels/cropped_image_2783.png,data/g1020/images/cropped_image_2783.png,g1020
data/g1020/labels/cropped_image_2515.png,data/g1020/images/cropped_image_2515.png,g1020
data/g1020/labels/cropped_image_1241.png,data/g1020/images/cropped_image_1241.png,g1020
data/g1020/labels/cropped_image_1318.png,data/g1020/images/cropped_image_1318.png,g1020
data/g1020/labels/cropped_image_585.png,data/g1020/images/cropped_image_585.png,g1020
data/g1020/labels/cropped_image_527.png,data/g1020/images/cropped_image_527.png,g1020
data/g1020/labels/cropped_image_609.png,data/g1020/images/cropped_image_609.png,g1020
data/g1020/labels/cropped_image_2691.png,data/g1020/images/cropped_image_2691.png,g1020
data/g1020/labels/cropped_image_2455.png,data/g1020/images/cropped_image_2455.png,g1020
data/g1020/labels/cropped_image_484.png,data/g1020/images/cropped_image_484.png,g1020
data/g1020/labels/cropped_image_1724.png,data/g1020/images/cropped_image_1724.png,g1020
data/g1020/labels/cropped_image_2562.png,data/g1020/images/cropped_image_2562.png,g1020
data/g1020/labels/cropped_image_941.png,data/g1020/images/cropped_image_941.png,g1020
data/g1020/labels/cropped_image_1504.png,data/g1020/images/cropped_image_1504.png,g1020
data/g1020/labels/cropped_image_868.png,data/g1020/images/cropped_image_868.png,g1020
data/g1020/labels/cropped_image_776.png,data/g1020/images/cropped_image_776.png,g1020
data/g1020/labels/cropped_image_3169.png,data/g1020/images/cropped_image_3169.png,g1020
data/g1020/labels/cropped_image_2623.png,data/g1020/images/cropped_image_2623.png,g1020
data/g1020/labels/cropped_image_2144.png,data/g1020/images/cropped_image_2144.png,g1020
data/g1020/labels/cropped_image_2152.png,data/g1020/images/cropped_image_2152.png,g1020
data/g1020/labels/cropped_image_571.png,data/g1020/images/cropped_image_571.png,g1020
data/g1020/labels/cropped_image_1748.png,data/g1020/images/cropped_image_1748.png,g1020
data/g1020/labels/cropped_image_469.png,data/g1020/images/cropped_image_469.png,g1020
data/g1020/labels/cropped_image_2860.png,data/g1020/images/cropped_image_2860.png,g1020
data/g1020/labels/cropped_image_105.png,data/g1020/images/cropped_image_105.png,g1020
data/g1020/labels/cropped_image_2524.png,data/g1020/images/cropped_image_2524.png,g1020
data/g1020/labels/cropped_image_2216.png,data/g1020/images/cropped_image_2216.png,g1020
data/g1020/labels/cropped_image_601.png,data/g1020/images/cropped_image_601.png,g1020
data/g1020/labels/cropped_image_1746.png,data/g1020/images/cropped_image_1746.png,g1020
data/g1020/labels/cropped_image_1002.png,data/g1020/images/cropped_image_1002.png,g1020
data/g1020/labels/cropped_image_805.png,data/g1020/images/cropped_image_805.png,g1020
data/g1020/labels/cropped_image_2408.png,data/g1020/images/cropped_image_2408.png,g1020
data/g1020/labels/cropped_image_2064.png,data/g1020/images/cropped_image_2064.png,g1020
data/g1020/labels/cropped_image_3160.png,data/g1020/images/cropped_image_3160.png,g1020
data/g1020/labels/cropped_image_53.png,data/g1020/images/cropped_image_53.png,g1020
data/g1020/labels/cropped_image_3166.png,data/g1020/images/cropped_image_3166.png,g1020
data/g1020/labels/cropped_image_3123.png,data/g1020/images/cropped_image_3123.png,g1020
data/g1020/labels/cropped_image_1336.png,data/g1020/images/cropped_image_1336.png,g1020
data/g1020/labels/cropped_image_490.png,data/g1020/images/cropped_image_490.png,g1020
data/g1020/labels/cropped_image_1096.png,data/g1020/images/cropped_image_1096.png,g1020
data/g1020/labels/cropped_image_551.png,data/g1020/images/cropped_image_551.png,g1020
data/g1020/labels/cropped_image_21.png,data/g1020/images/cropped_image_21.png,g1020
data/g1020/labels/cropped_image_2413.png,data/g1020/images/cropped_image_2413.png,g1020
data/g1020/labels/cropped_image_261.png,data/g1020/images/cropped_image_261.png,g1020
data/g1020/labels/cropped_image_2912.png,data/g1020/images/cropped_image_2912.png,g1020
data/g1020/labels/cropped_image_1144.png,data/g1020/images/cropped_image_1144.png,g1020
data/g1020/labels/cropped_image_1904.png,data/g1020/images/cropped_image_1904.png,g1020
data/g1020/labels/cropped_image_1232.png,data/g1020/images/cropped_image_1232.png,g1020
data/g1020/labels/cropped_image_232.png,data/g1020/images/cropped_image_232.png,g1020
data/g1020/labels/cropped_image_339.png,data/g1020/images/cropped_image_339.png,g1020
data/g1020/labels/cropped_image_580.png,data/g1020/images/cropped_image_580.png,g1020
data/g1020/labels/cropped_image_1701.png,data/g1020/images/cropped_image_1701.png,g1020
data/g1020/labels/cropped_image_2404.png,data/g1020/images/cropped_image_2404.png,g1020
data/g1020/labels/cropped_image_2573.png,data/g1020/images/cropped_image_2573.png,g1020
data/g1020/labels/cropped_image_103.png,data/g1020/images/cropped_image_103.png,g1020
data/g1020/labels/cropped_image_1765.png,data/g1020/images/cropped_image_1765.png,g1020
data/g1020/labels/cropped_image_607.png,data/g1020/images/cropped_image_607.png,g1020
data/g1020/labels/cropped_image_3116.png,data/g1020/images/cropped_image_3116.png,g1020
data/g1020/labels/cropped_image_1334.png,data/g1020/images/cropped_image_1334.png,g1020
data/g1020/labels/cropped_image_2047.png,data/g1020/images/cropped_image_2047.png,g1020
data/g1020/labels/cropped_image_2767.png,data/g1020/images/cropped_image_2767.png,g1020
data/g1020/labels/cropped_image_642.png,data/g1020/images/cropped_image_642.png,g1020
data/g1020/labels/cropped_image_630.png,data/g1020/images/cropped_image_630.png,g1020
data/g1020/labels/cropped_image_2531.png,data/g1020/images/cropped_image_2531.png,g1020
data/g1020/labels/cropped_image_2425.png,data/g1020/images/cropped_image_2425.png,g1020
data/g1020/labels/cropped_image_1977.png,data/g1020/images/cropped_image_1977.png,g1020
data/g1020/labels/cropped_image_841.png,data/g1020/images/cropped_image_841.png,g1020
data/g1020/labels/cropped_image_1203.png,data/g1020/images/cropped_image_1203.png,g1020
data/g1020/labels/cropped_image_1686.png,data/g1020/images/cropped_image_1686.png,g1020
